{"cameraMode":{"drawMode":0,"name":"Shaded","section":"Shading Mode"},"sceneLighting":false,"audioPlay":false,"sceneViewState":{"showFog":true,"showMaterialUpdate":false,"showSkybox":false,"showFlares":true,"showImageEffects":true,"showParticleSystems":true},"in2DMode":false,"pivot":{"x":-0.24404823780059815,"y":-0.523282527923584,"z":-1.6021296977996827},"rotation":{"x":0.05819685757160187,"y":0.9388219714164734,"z":-0.2753894329071045,"w":0.19870862364768983},"size":5.246835231781006,"orthographic":false}