{"cameraMode":{"drawMode":0,"name":"Shaded","section":"Shading Mode"},"sceneLighting":false,"audioPlay":false,"sceneViewState":{"showFog":true,"showMaterialUpdate":false,"showSkybox":false,"showFlares":true,"showImageEffects":true,"showParticleSystems":true},"in2DMode":false,"pivot":{"x":0.33402884006500246,"y":0.1430809497833252,"z":0.37133073806762698},"rotation":{"x":0.15407589077949525,"y":0.8444979786872864,"z":-0.38817188143730166,"w":0.33543792366981509},"size":3.583756446838379,"orthographic":false}