{"cameraMode":{"drawMode":0,"name":"Shaded","section":"Shading Mode"},"sceneLighting":false,"audioPlay":false,"sceneViewState":{"showFog":true,"showMaterialUpdate":false,"showSkybox":false,"showFlares":true,"showImageEffects":true,"showParticleSystems":true},"in2DMode":false,"pivot":{"x":0.6594043970108032,"y":0.25921154022216799,"z":0.12991273403167725},"rotation":{"x":0.2314169555902481,"y":0.7660155892372131,"z":-0.45799750089645388,"w":0.38730230927467348},"size":3.592168092727661,"orthographic":false}