{"cameraMode":{"drawMode":0,"name":"Shaded","section":"Shading Mode"},"sceneLighting":false,"audioPlay":false,"sceneViewState":{"showFog":true,"showMaterialUpdate":false,"showSkybox":false,"showFlares":true,"showImageEffects":true,"showParticleSystems":true},"in2DMode":false,"pivot":{"x":-0.11697092652320862,"y":1.2184683084487916,"z":-0.7746477127075195},"rotation":{"x":-0.039929162710905078,"y":-0.9374798536300659,"z":0.3261844217777252,"w":-0.1154123917222023},"size":13.794890403747559,"orthographic":false}