{"cameraMode":{"drawMode":0,"name":"Shaded","section":"Shading Mode"},"sceneLighting":false,"audioPlay":false,"sceneViewState":{"showFog":true,"showMaterialUpdate":false,"showSkybox":false,"showFlares":true,"showImageEffects":true,"showParticleSystems":true},"in2DMode":false,"pivot":{"x":-0.014274358749389649,"y":0.27684223651885989,"z":0.3484346866607666},"rotation":{"x":0.2238779067993164,"y":0.7146804928779602,"z":-0.2632252275943756,"w":0.6082117557525635},"size":2.218923807144165,"orthographic":false}