{"cameraMode":{"drawMode":0,"name":"Shaded","section":"Shading Mode"},"sceneLighting":false,"audioPlay":false,"sceneViewState":{"showFog":true,"showMaterialUpdate":false,"showSkybox":false,"showFlares":true,"showImageEffects":true,"showParticleSystems":true},"in2DMode":false,"pivot":{"x":0.0832056999206543,"y":0.7485655546188355,"z":-1.1662979125976563},"rotation":{"x":0.07227097451686859,"y":0.9236698746681213,"z":-0.21757814288139344,"w":0.3071959614753723},"size":3.2269814014434816,"orthographic":false}