{"cameraMode":{"drawMode":0,"name":"Shaded","section":"Shading Mode"},"sceneLighting":true,"audioPlay":false,"sceneViewState":{"showFog":true,"showMaterialUpdate":false,"showSkybox":true,"showFlares":true,"showImageEffects":true,"showParticleSystems":true},"in2DMode":false,"pivot":{"x":41.26856231689453,"y":2.441539764404297,"z":-7.166083335876465},"rotation":{"x":0.004294109996408224,"y":-0.7971993088722229,"z":0.6039096117019653,"w":0.005338123068213463},"size":39.78588104248047,"orthographic":false}