{"cameraMode":{"drawMode":0,"name":"Shaded","section":"Shading Mode"},"sceneLighting":false,"audioPlay":false,"sceneViewState":{"showFog":true,"showMaterialUpdate":false,"showSkybox":false,"showFlares":true,"showImageEffects":true,"showParticleSystems":true},"in2DMode":false,"pivot":{"x":-0.3709489107131958,"y":0.12058186531066895,"z":-0.3090987205505371},"rotation":{"x":0.04561125859618187,"y":0.9407370686531067,"z":-0.3053160607814789,"w":0.14081141352653504},"size":2.2465250492095949,"orthographic":false}