{"cameraMode":{"drawMode":0,"name":"Shaded","section":"Shading Mode"},"sceneLighting":false,"audioPlay":false,"sceneViewState":{"showFog":true,"showMaterialUpdate":false,"showSkybox":false,"showFlares":true,"showImageEffects":true,"showParticleSystems":true},"in2DMode":false,"pivot":{"x":0.16918420791625977,"y":0.7039892673492432,"z":-0.07193303108215332},"rotation":{"x":0.07227097451686859,"y":0.9236698746681213,"z":-0.21757814288139344,"w":0.3071959614753723},"size":4.255621910095215,"orthographic":false}