{"cameraMode":{"drawMode":0,"name":"Shaded","section":"Shading Mode"},"sceneLighting":false,"audioPlay":false,"sceneViewState":{"showFog":true,"showMaterialUpdate":false,"showSkybox":false,"showFlares":true,"showImageEffects":true,"showParticleSystems":true},"in2DMode":false,"pivot":{"x":0.0015000104904174805,"y":0.41210001707077029,"z":0.0},"rotation":{"x":0.15407589077949525,"y":0.8444979786872864,"z":-0.38817188143730166,"w":0.33543792366981509},"size":2.1501080989837648,"orthographic":false}