{"cameraMode":{"drawMode":0,"name":"Shaded","section":"Shading Mode"},"sceneLighting":false,"audioPlay":false,"sceneViewState":{"showFog":true,"showMaterialUpdate":false,"showSkybox":false,"showFlares":true,"showImageEffects":true,"showParticleSystems":true},"in2DMode":false,"pivot":{"x":-0.15485000610351563,"y":1.118399977684021,"z":0.000050008296966552734},"rotation":{"x":0.07419043779373169,"y":0.9200574159622192,"z":-0.3201249837875366,"w":0.21357423067092896},"size":4.028576374053955,"orthographic":false}