{"cameraMode":{"drawMode":0,"name":"Shaded","section":"Shading Mode"},"sceneLighting":false,"audioPlay":false,"sceneViewState":{"showFog":true,"showMaterialUpdate":false,"showSkybox":false,"showFlares":true,"showImageEffects":true,"showParticleSystems":true},"in2DMode":false,"pivot":{"x":0.1059499979019165,"y":0.4025999903678894,"z":0.0},"rotation":{"x":0.17006348073482514,"y":0.8147223591804504,"z":-0.4690324664115906,"w":0.2956656515598297},"size":2.2344002723693849,"orthographic":false}